,id
36,5e2f49b9e646f75a015b253b
181,5eea84d4c05e9c58b2378300
204,5fa2d5a7f591df2e19770a97
215,5fe4da56a309d31888de1f0b
224,5ff62f41cafece4ece93a40b
225,5ff63024783fa111073e2dc5
230,5fff5885bbe91f7816f5fc71
232,5fff5b0a62d779064dd82277
235,6011c7cf98fab44a7b33bd96
236,6011c9b35e91ef45b3b9a280
240,601779c36257641a554ad90b
242,601b09541c01747885deef0a
243,601b09f50554cf6570af599e
244,601b0a7f8c0c937e8e761b25
246,6024551888ceb06e16df25ad
251,602d5f2fcc842175167c05de
258,603cf34cd29b557f907b7184
260,603fb74061161376ea41fb46
277,60648f3760feba10cbc9248e
305,60a5669567c881129e3378c9
325,60b7a9884a279979dce4541b
343,60ca2086e0963721d6a4928a
345,60cb642d13fd8f1df7806d41
346,60d21994a323f5741dcad549
347,60d21bd7344b4e2fc4c568f8
358,60d481b220564a14b293a0f7
363,60dca946697c0c0251a19168
371,60e6fdbc1c91880cc4c79194
384,60ef0d37b18d4327e4b493b6
385,60ef0d374736970697a5ca42
386,60ef0d37fc888c1190d48545
387,60ef0d3872c75a46a5b44837
395,61016e264c9d111ee39df849
396,61016e264c9d111ee39df84b
397,61016e27942b5208eceee8dc
398,61016e274c9d111ee39df84d
399,61016e274c9d111ee39df84f
403,610ab83f45011763c9e2c755
409,6114262ead53cf108144d193
413,61142f3e8a9bbe78509b1909
414,611430aee03cb6435456645e
415,61143261eb47f02f2e8f5fc4
416,611566f0e571ac39601b6d16
422,611d70a3bae61478ab6fb93f
423,611d71207e64d75e26685753
424,611d71b8e26c8f77c1bf228e
434,6130d0aecd21e8250415c12a
436,6136ae0955fa5135263ca774
465,61545f091b0f271fa789f073
476,616f0b1f20a3776da4aaefef
477,61705ff63bbb2f4ceb5d118c
478,61730f43765c5a5929b7776d
479,6177fa3380b724191188cfeb
483,617c0376d8b0416ef42f6f11
490,61803f05d7d3d102cec47ecc
496,6197c7a2b0968d5fd2581f05
510,61cb21d4543c37170cca78a9
511,61cb22ed0b6c1679bba3b495
512,61cb25400b45ef4a17e985fd
513,61cb2978fd892022507c5582
515,61cca6b1c0af434197f88f8c
525,61dedffcae9380257a569ef0
526,61dee0a69ee01b5796e6f377
529,61e85d03a90287262c8450e4
541,61fda6b2a20d9d563667212e
551,6206ab32617d425a17fd7b2e
573,623cbe619ab88e7954564078
574,623db633c5ba767174bce50d
603,625982174303bc4ac660aa97
604,6259838c0cd9a636e5a9ffba
605,625985340241e93612fe5905
606,625985e3f8eac84f313bbfc1
607,625986a7a2168b5a6ffcddec
618,627166273da9f5245ab8ae39
619,627166be69d68c68f57bc59d
620,627168152a2b5622fcd09858
623,627bfc7b7fe476110d86f87d
624,627bfce9abed1668115cc3db
626,627e8055ad803134d765c9d7
629,6284f933b315c10313e2363a
652,628fc43658c30913949b4359
653,628fc505f0662c44ebafa305
655,6290f56b10da075aa2e85589
656,6290f772f1e7de5aa16bb889
657,62966bc5e6a37f44dd33e0d0
667,62a0b3819927dd68ecd6fa44
688,62bcd0db3b1bcb2c2bf86328
695,62d5797c8834694ed45932f6
701,62dc02ab465f7132792f06b5
737,62fa960aa40b3628338c3cce
740,62fe8a9bc0fd10292470ba98
741,62feb4847d354c12bd6dd419
742,62ff6e98523f6a11fc71776b
743,62ff6f497d0448330aa88028
744,62ff6fe9c92dc024567627d9
745,62ff7091d6b3f5965fa4abd0
746,62ff713bb91f894ea4c61a81
754,63209679ef4fcc2f8d25ffa3
755,6320996c0df493a6fe3f4622
759,632983a9f42d317e35653a29
771,634c01aa4b7765bfa6e6f037
772,634ed8ac84610d17435b0cb6
